id,code,display
1,"American Indian or Alaska Native","American Indian or Alaska Native"
2,"American Indian","American Indian"
3,"Abenaki","Abenaki"
4,"Algonquian","Algonquian"
5,"Apache","Apache"
6,"Chiricahua","Chiricahua"
7,"Fort Sill Apache","Fort Sill Apache"
8,"Jicarilla Apache","Jicarilla Apache"
9,"Lipan Apache","Lipan Apache"
10,"Mescalero Apache","Mescalero Apache"
11,"Oklahoma Apache","Oklahoma Apache"
12,"Payson Apache","Payson Apache"
13,"San Carlos Apache","San Carlos Apache"
14,"White Mountain Apache","White Mountain Apache"
15,"Arapaho","Arapaho"
16,"Northern Arapaho","Northern Arapaho"
17,"Southern Arapaho","Southern Arapaho"
18,"Wind River Arapaho","Wind River Arapaho"
19,"Arikara","Arikara"
20,"Assiniboine","Assiniboine"
21,"Assiniboine Sioux","Assiniboine Sioux"
22,"Fort Peck Assiniboine Sioux","Fort Peck Assiniboine Sioux"
23,"Bannock","Bannock"
24,"Blackfeet","Blackfeet"
25,"Brotherton","Brotherton"
26,"Burt Lake Band","Burt Lake Band"
27,"Caddo","Caddo"
28,"Oklahoma Cado","Oklahoma Cado"
29,"Cahuilla","Cahuilla"
30,"Agua Caliente Cahuilla","Agua Caliente Cahuilla"
31,"Augustine","Augustine"
32,"Cabazon","Cabazon"
33,"Los Coyotes","Los Coyotes"
34,"Morongo","Morongo"
35,"Santa Rosa Cahuilla","Santa Rosa Cahuilla"
36,"Torres-Martinez","Torres-Martinez"
37,"California Tribes","California Tribes"
38,"Cahto","Cahto"
39,"Chimariko","Chimariko"
40,"Coast Miwok","Coast Miwok"
41,"Digger","Digger"
42,"Kawaiisu","Kawaiisu"
43,"Kern River","Kern River"
44,"Mattole","Mattole"
45,"Red Wood","Red Wood"
46,"Santa Rosa","Santa Rosa"
47,"Takelma","Takelma"
48,"Wappo","Wappo"
49,"Yana","Yana"
50,"Yuki","Yuki"
51,"Canadian and Latin American Indian","Canadian and Latin American Indian"
52,"Canadian Indian","Canadian Indian"
53,"Central American Indian","Central American Indian"
54,"French American Indian","French American Indian"
55,"Mexican American Indian","Mexican American Indian"
56,"South American Indian","South American Indian"
57,"Spanish American Indian","Spanish American Indian"
58,"Catawba","Catawba"
59,"Alatna","Alatna"
60,"Alexander","Alexander"
61,"Allakaket","Allakaket"
62,"Alanvik","Alanvik"
63,"Anvik","Anvik"
64,"Arctic","Arctic"
65,"Beaver","Beaver"
66,"Birch Creek","Birch Creek"
67,"Cantwell","Cantwell"
68,"Chalkyitsik","Chalkyitsik"
69,"Chickaloon","Chickaloon"
70,"Chistochina","Chistochina"
71,"Chitina","Chitina"
72,"Circle","Circle"
73,"Cook Inlet","Cook Inlet"
74,"Copper Center","Copper Center"
75,"Copper River","Copper River"
76,"Dot Lake","Dot Lake"
77,"Doyon","Doyon"
78,"Eagle","Eagle"
79,"Eklutna","Eklutna"
80,"Evansville","Evansville"
81,"Fort Yukon","Fort Yukon"
82,"Gakona","Gakona"
83,"Galena","Galena"
84,"Grayling","Grayling"
85,"Gulkana","Gulkana"
86,"Healy Lake","Healy Lake"
87,"Holy Cross","Holy Cross"
88,"Hughes","Hughes"
89,"Huslia","Huslia"
90,"Iliamna","Iliamna"
91,"Kaltag","Kaltag"
92,"Kluti Kaah","Kluti Kaah"
93,"Knik","Knik"
94,"Koyukuk","Koyukuk"
95,"Lake Minchumina","Lake Minchumina"
96,"Lime","Lime"
97,"Mcgrath","Mcgrath"
98,"Manley Hot Springs","Manley Hot Springs"
99,"Mentasta Lake","Mentasta Lake"
100,"Minto","Minto"
101,"Nenana","Nenana"
102,"Nikolai","Nikolai"
103,"Ninilchik","Ninilchik"
104,"Nondalton","Nondalton"
105,"Northway","Northway"
106,"Nulato","Nulato"
107,"Pedro Bay","Pedro Bay"
108,"Rampart","Rampart"
109,"Ruby","Ruby"
110,"Salamatof","Salamatof"
111,"Seldovia","Seldovia"
112,"Slana","Slana"
113,"Shageluk","Shageluk"
114,"Stevens","Stevens"
115,"Stony River","Stony River"
116,"Takotna","Takotna"
117,"Tanacross","Tanacross"
118,"Tanaina","Tanaina"
119,"Tanana","Tanana"
120,"Tanana Chiefs","Tanana Chiefs"
121,"Tazlina","Tazlina"
122,"Telida","Telida"
123,"Tetlin","Tetlin"
124,"Tok","Tok"
125,"Tyonek","Tyonek"
126,"Venetie","Venetie"
127,"Wiseman","Wiseman"
128,"Cayuse","Cayuse"
129,"Chehalis","Chehalis"
130,"Chemakuan","Chemakuan"
131,"Hoh","Hoh"
132,"Quileute","Quileute"
133,"Chemehuevi","Chemehuevi"
134,"Cherokee","Cherokee"
135,"Cherokee Alabama","Cherokee Alabama"
136,"Cherokees of Northeast Alabama","Cherokees of Northeast Alabama"
137,"Cherokees of Southeast Alabama","Cherokees of Southeast Alabama"
138,"Eastern Cherokee","Eastern Cherokee"
139,"Echota Cherokee","Echota Cherokee"
140,"Etowah Cherokee","Etowah Cherokee"
141,"Northern Cherokee","Northern Cherokee"
142,"Tuscola","Tuscola"
143,"United Keetowah Band of Cherokee","United Keetowah Band of Cherokee"
144,"Western Cherokee","Western Cherokee"
145,"Cherokee Shawnee","Cherokee Shawnee"
146,"Cheyenne","Cheyenne"
147,"Northern Cheyenne","Northern Cheyenne"
148,"Southern Cheyenne","Southern Cheyenne"
149,"Cheyenne-Arapaho","Cheyenne-Arapaho"
150,"Chickahominy","Chickahominy"
151,"Eastern Chickahominy","Eastern Chickahominy"
152,"Western Chickahominy","Western Chickahominy"
153,"Chickasaw","Chickasaw"
154,"Chinook","Chinook"
155,"Clatsop","Clatsop"
156,"Columbia River Chinook","Columbia River Chinook"
157,"Kathlamet","Kathlamet"
158,"Upper Chinook","Upper Chinook"
159,"Wakiakum Chinook","Wakiakum Chinook"
160,"Willapa Chinook","Willapa Chinook"
161,"Wishram","Wishram"
162,"Chippewa","Chippewa"
163,"Bad River","Bad River"
164,"Bay Mills Chippewa","Bay Mills Chippewa"
165,"Bois Forte","Bois Forte"
166,"Burt Lake Chippewa","Burt Lake Chippewa"
167,"Fond du Lac","Fond du Lac"
168,"Grand Portage","Grand Portage"
169,"Grand Traverse Band of Ottawa-Chippewa","Grand Traverse Band of Ottawa-Chippewa"
170,"Keweenaw","Keweenaw"
171,"Lac Courte Oreilles","Lac Courte Oreilles"
172,"Lac du Flambeau","Lac du Flambeau"
173,"Lac Vieux Desert Chippewa","Lac Vieux Desert Chippewa"
174,"Lake Superior","Lake Superior"
175,"Leech Lake","Leech Lake"
176,"Little Shell Chippewa","Little Shell Chippewa"
177,"Mille Lacs","Mille Lacs"
178,"Minnesota Chippewa","Minnesota Chippewa"
179,"Ontonagon","Ontonagon"
180,"Red Cliff Chippewa","Red Cliff Chippewa"
181,"Red Lake Chippewa","Red Lake Chippewa"
182,"Saginaw Chippewa","Saginaw Chippewa"
183,"St. Croix Chippewa","St. Croix Chippewa"
184,"Sault Ste. Marie Chippewa","Sault Ste. Marie Chippewa"
185,"Sokoagon Chippewa","Sokoagon Chippewa"
186,"Turtle Mountain","Turtle Mountain"
187,"White Earth","White Earth"
188,"Chippewa Cree","Chippewa Cree"
189,"Rocky Boy's Chippewa Cree","Rocky Boy's Chippewa Cree"
190,"Chitimacha","Chitimacha"
191,"Choctaw","Choctaw"
192,"Clifton Choctaw","Clifton Choctaw"
193,"Jena Choctaw","Jena Choctaw"
194,"Mississippi Choctaw","Mississippi Choctaw"
195,"Mowa Band of Choctaw","Mowa Band of Choctaw"
196,"Oklahoma Choctaw","Oklahoma Choctaw"
197,"Chumash","Chumash"
198,"Santa Ynez","Santa Ynez"
199,"Clear Lake","Clear Lake"
200,"Coeur D'Alene","Coeur D'Alene"
201,"Coharie","Coharie"
202,"Colorado River","Colorado River"
203,"Colville","Colville"
204,"Comanche","Comanche"
205,"Oklahoma Comanche","Oklahoma Comanche"
206,"Coos, Lower Umpqua, Siuslaw","Coos, Lower Umpqua, Siuslaw"
207,"Coos","Coos"
208,"Coquilles","Coquilles"
209,"Costanoan","Costanoan"
210,"Coushatta","Coushatta"
211,"Alabama Coushatta","Alabama Coushatta"
212,"Cowlitz","Cowlitz"
213,"Cree","Cree"
214,"Creek","Creek"
215,"Alabama Creek","Alabama Creek"
216,"Alabama Quassarte","Alabama Quassarte"
217,"Eastern Creek","Eastern Creek"
218,"Eastern Muscogee","Eastern Muscogee"
219,"Kialegee","Kialegee"
220,"Lower Muscogee","Lower Muscogee"
221,"Machis Lower Creek Indian","Machis Lower Creek Indian"
222,"Poarch Band","Poarch Band"
223,"Principal Creek Indian Nation","Principal Creek Indian Nation"
224,"Star Clan of Muscogee Creeks","Star Clan of Muscogee Creeks"
225,"Thlopthlocco","Thlopthlocco"
226,"Tuckabachee","Tuckabachee"
227,"Croatan","Croatan"
228,"Crow","Crow"
229,"Cupeno","Cupeno"
230,"Agua Caliente","Agua Caliente"
231,"Delaware","Delaware"
232,"Eastern Delaware","Eastern Delaware"
233,"Lenni-Lenape","Lenni-Lenape"
234,"Munsee","Munsee"
235,"Oklahoma Delaware","Oklahoma Delaware"
236,"Rampough Mountain","Rampough Mountain"
237,"Sand Hill","Sand Hill"
238,"Diegueno","Diegueno"
239,"Campo","Campo"
240,"Capitan Grande","Capitan Grande"
241,"Cuyapaipe","Cuyapaipe"
242,"La Posta","La Posta"
243,"Manzanita","Manzanita"
244,"Mesa Grande","Mesa Grande"
245,"San Pasqual","San Pasqual"
246,"Santa Ysabel","Santa Ysabel"
247,"Sycuan","Sycuan"
248,"Eastern Tribes","Eastern Tribes"
249,"Attacapa","Attacapa"
250,"Biloxi","Biloxi"
251,"Georgetown","Georgetown"
252,"Moor","Moor"
253,"Nansemond","Nansemond"
254,"Natchez","Natchez"
255,"Nausu Waiwash","Nausu Waiwash"
256,"Nipmuc","Nipmuc"
257,"Paugussett","Paugussett"
258,"Pocomoke Acohonock","Pocomoke Acohonock"
259,"Southeastern Indians","Southeastern Indians"
260,"Susquehanock","Susquehanock"
261,"Tunica Biloxi","Tunica Biloxi"
262,"Waccamaw-Siousan","Waccamaw-Siousan"
263,"Wicomico","Wicomico"
264,"Esselen","Esselen"
265,"Fort Belknap","Fort Belknap"
266,"Fort Berthold","Fort Berthold"
267,"Fort Mcdowell","Fort Mcdowell"
268,"Fort Hall","Fort Hall"
269,"Gabrieleno","Gabrieleno"
270,"Grand Ronde","Grand Ronde"
271,"Gros Ventres","Gros Ventres"
272,"Atsina","Atsina"
273,"Haliwa","Haliwa"
274,"Hidatsa","Hidatsa"
275,"Hoopa","Hoopa"
276,"Trinity","Trinity"
277,"Whilkut","Whilkut"
278,"Hoopa Extension","Hoopa Extension"
279,"Houma","Houma"
280,"Inaja-Cosmit","Inaja-Cosmit"
281,"Iowa","Iowa"
282,"Iowa of Kansas-Nebraska","Iowa of Kansas-Nebraska"
283,"Iowa of Oklahoma","Iowa of Oklahoma"
284,"Iroquois","Iroquois"
285,"Cayuga","Cayuga"
286,"Mohawk","Mohawk"
287,"Oneida","Oneida"
288,"Onondaga","Onondaga"
289,"Seneca","Seneca"
290,"Seneca Nation","Seneca Nation"
291,"Seneca-Cayuga","Seneca-Cayuga"
292,"Tonawanda Seneca","Tonawanda Seneca"
293,"Tuscarora","Tuscarora"
294,"Wyandotte","Wyandotte"
295,"Juaneno","Juaneno"
296,"Kalispel","Kalispel"
297,"Karuk","Karuk"
298,"Kaw","Kaw"
299,"Kickapoo","Kickapoo"
300,"Oklahoma Kickapoo","Oklahoma Kickapoo"
301,"Texas Kickapoo","Texas Kickapoo"
302,"Kiowa","Kiowa"
303,"Oklahoma Kiowa","Oklahoma Kiowa"
304,"Klallam","Klallam"
305,"Jamestown","Jamestown"
306,"Lower Elwha","Lower Elwha"
307,"Port Gamble Klallam","Port Gamble Klallam"
308,"Klamath","Klamath"
309,"Konkow","Konkow"
310,"Kootenai","Kootenai"
311,"Lassik","Lassik"
312,"Long Island","Long Island"
313,"Matinecock","Matinecock"
314,"Montauk","Montauk"
315,"Poospatuck","Poospatuck"
316,"Setauket","Setauket"
317,"Luiseno","Luiseno"
318,"La Jolla","La Jolla"
319,"Pala","Pala"
320,"Pauma","Pauma"
321,"Pechanga","Pechanga"
322,"Soboba","Soboba"
323,"Twenty-Nine Palms","Twenty-Nine Palms"
324,"Temecula","Temecula"
325,"Lumbee","Lumbee"
326,"Lummi","Lummi"
327,"Maidu","Maidu"
328,"Mountain Maidu","Mountain Maidu"
329,"Nishinam","Nishinam"
330,"Makah","Makah"
331,"Maliseet","Maliseet"
332,"Mandan","Mandan"
333,"Mattaponi","Mattaponi"
334,"Menominee","Menominee"
335,"Miami","Miami"
336,"Illinois Miami","Illinois Miami"
337,"Indiana Miami","Indiana Miami"
338,"Oklahoma Miami","Oklahoma Miami"
339,"Miccosukee","Miccosukee"
340,"Micmac","Micmac"
341,"Aroostook","Aroostook"
342,"Mission Indians","Mission Indians"
343,"Miwok","Miwok"
344,"Modoc","Modoc"
345,"Mohegan","Mohegan"
346,"Mono","Mono"
347,"Nanticoke","Nanticoke"
348,"Narragansett","Narragansett"
349,"Navajo","Navajo"
350,"Alamo Navajo","Alamo Navajo"
351,"Canoncito Navajo","Canoncito Navajo"
352,"Ramah Navajo","Ramah Navajo"
353,"Nez Perce","Nez Perce"
354,"Nomalaki","Nomalaki"
355,"Northwest Tribes","Northwest Tribes"
356,"Alsea","Alsea"
357,"Celilo","Celilo"
358,"Columbia","Columbia"
359,"Kalapuya","Kalapuya"
360,"Molala","Molala"
361,"Talakamish","Talakamish"
362,"Tenino","Tenino"
363,"Tillamook","Tillamook"
364,"Wenatchee","Wenatchee"
365,"Yahooskin","Yahooskin"
366,"Omaha","Omaha"
367,"Oregon Athabaskan","Oregon Athabaskan"
368,"Osage","Osage"
369,"Otoe-Missouria","Otoe-Missouria"
370,"Ottawa","Ottawa"
371,"Burt Lake Ottawa","Burt Lake Ottawa"
372,"Michigan Ottawa","Michigan Ottawa"
373,"Oklahoma Ottawa","Oklahoma Ottawa"
374,"Paiute","Paiute"
375,"Bishop","Bishop"
376,"Bridgeport","Bridgeport"
377,"Burns Paiute","Burns Paiute"
378,"Cedarville","Cedarville"
379,"Fort Bidwell","Fort Bidwell"
380,"Fort Independence","Fort Independence"
381,"Kaibab","Kaibab"
382,"Las Vegas","Las Vegas"
383,"Lone Pine","Lone Pine"
384,"Lovelock","Lovelock"
385,"Malheur Paiute","Malheur Paiute"
386,"Moapa","Moapa"
387,"Northern Paiute","Northern Paiute"
388,"Owens Valley","Owens Valley"
389,"Pyramid Lake","Pyramid Lake"
390,"San Juan Southern Paiute","San Juan Southern Paiute"
391,"Southern Paiute","Southern Paiute"
392,"Summit Lake","Summit Lake"
393,"Utu Utu Gwaitu Paiute","Utu Utu Gwaitu Paiute"
394,"Walker River","Walker River"
395,"Yerington Paiute","Yerington Paiute"
396,"Pamunkey","Pamunkey"
397,"Passamaquoddy","Passamaquoddy"
398,"Indian Township","Indian Township"
399,"Pleasant Point Passamaquoddy","Pleasant Point Passamaquoddy"
400,"Pawnee","Pawnee"
401,"Oklahoma Pawnee","Oklahoma Pawnee"
402,"Penobscot","Penobscot"
403,"Peoria","Peoria"
404,"Oklahoma Peoria","Oklahoma Peoria"
405,"Pequot","Pequot"
406,"Marshantucket Pequot","Marshantucket Pequot"
407,"Pima","Pima"
408,"Gila River Pima-Maricopa","Gila River Pima-Maricopa"
409,"Salt River Pima-Maricopa","Salt River Pima-Maricopa"
410,"Piscataway","Piscataway"
411,"Pit River","Pit River"
412,"Pomo","Pomo"
413,"Central Pomo","Central Pomo"
414,"Dry Creek","Dry Creek"
415,"Eastern Pomo","Eastern Pomo"
416,"Kashia","Kashia"
417,"Northern Pomo","Northern Pomo"
418,"Scotts Valley","Scotts Valley"
419,"Stonyford","Stonyford"
420,"Sulphur Bank","Sulphur Bank"
421,"Ponca","Ponca"
422,"Nebraska Ponca","Nebraska Ponca"
423,"Oklahoma Ponca","Oklahoma Ponca"
424,"Potawatomi","Potawatomi"
425,"Citizen Band Potawatomi","Citizen Band Potawatomi"
426,"Forest County","Forest County"
427,"Hannahville","Hannahville"
428,"Huron Potawatomi","Huron Potawatomi"
429,"Pokagon Potawatomi","Pokagon Potawatomi"
430,"Prairie Band","Prairie Band"
431,"Wisconsin Potawatomi","Wisconsin Potawatomi"
432,"Powhatan","Powhatan"
433,"Pueblo","Pueblo"
434,"Acoma","Acoma"
435,"Arizona Tewa","Arizona Tewa"
436,"Cochiti","Cochiti"
437,"Hopi","Hopi"
438,"Isleta","Isleta"
439,"Jemez","Jemez"
440,"Keres","Keres"
441,"Laguna","Laguna"
442,"Nambe","Nambe"
443,"Picuris","Picuris"
444,"Piro","Piro"
445,"Pojoaque","Pojoaque"
446,"San Felipe","San Felipe"
447,"San Ildefonso","San Ildefonso"
448,"San Juan Pueblo","San Juan Pueblo"
449,"San Juan De","San Juan De"
450,"San Juan","San Juan"
451,"Sandia","Sandia"
452,"Santa Ana","Santa Ana"
453,"Santa Clara","Santa Clara"
454,"Santo Domingo","Santo Domingo"
455,"Taos","Taos"
456,"Tesuque","Tesuque"
457,"Tewa","Tewa"
458,"Tigua","Tigua"
459,"Zia","Zia"
460,"Zuni","Zuni"
461,"Puget Sound Salish","Puget Sound Salish"
462,"Duwamish","Duwamish"
463,"Kikiallus","Kikiallus"
464,"Lower Skagit","Lower Skagit"
465,"Muckleshoot","Muckleshoot"
466,"Nisqually","Nisqually"
467,"Nooksack","Nooksack"
468,"Port Madison","Port Madison"
469,"Puyallup","Puyallup"
470,"Samish","Samish"
471,"Sauk-Suiattle","Sauk-Suiattle"
472,"Skokomish","Skokomish"
473,"Skykomish","Skykomish"
474,"Snohomish","Snohomish"
475,"Snoqualmie","Snoqualmie"
476,"Squaxin Island","Squaxin Island"
477,"Steilacoom","Steilacoom"
478,"Stillaguamish","Stillaguamish"
479,"Suquamish","Suquamish"
480,"Swinomish","Swinomish"
481,"Tulalip","Tulalip"
482,"Upper Skagit","Upper Skagit"
483,"Quapaw","Quapaw"
484,"Quinault","Quinault"
485,"Rappahannock","Rappahannock"
486,"Reno-Sparks","Reno-Sparks"
487,"Round Valley","Round Valley"
488,"Sac and Fox","Sac and Fox"
489,"Iowa Sac and Fox","Iowa Sac and Fox"
490,"Missouri Sac and Fox","Missouri Sac and Fox"
491,"Oklahoma Sac and Fox","Oklahoma Sac and Fox"
492,"Salinan","Salinan"
493,"Salish","Salish"
494,"Salish and Kootenai","Salish and Kootenai"
495,"Schaghticoke","Schaghticoke"
496,"Scott Valley","Scott Valley"
497,"Seminole","Seminole"
498,"Big Cypress","Big Cypress"
499,"Brighton","Brighton"
500,"Florida Seminole","Florida Seminole"
501,"Hollywood Seminole","Hollywood Seminole"
502,"Oklahoma Seminole","Oklahoma Seminole"
503,"Serrano","Serrano"
504,"San Manual","San Manual"
505,"Shasta","Shasta"
506,"Shawnee","Shawnee"
507,"Absentee Shawnee","Absentee Shawnee"
508,"Eastern Shawnee","Eastern Shawnee"
509,"Shinnecock","Shinnecock"
510,"Shoalwater Bay","Shoalwater Bay"
511,"Shoshone","Shoshone"
512,"Battle Mountain","Battle Mountain"
513,"Duckwater","Duckwater"
514,"Elko","Elko"
515,"Ely","Ely"
516,"Goshute","Goshute"
517,"Panamint","Panamint"
518,"Ruby Valley","Ruby Valley"
519,"Skull Valley","Skull Valley"
520,"South Fork Shoshone","South Fork Shoshone"
521,"Te-Moak Western Shoshone","Te-Moak Western Shoshone"
522,"Timbi-Sha Shoshone","Timbi-Sha Shoshone"
523,"Washakie","Washakie"
524,"Wind River Shoshone","Wind River Shoshone"
525,"Yomba","Yomba"
526,"Shoshone Paiute","Shoshone Paiute"
527,"Duck Valley","Duck Valley"
528,"Fallon","Fallon"
529,"Fort McDermitt","Fort McDermitt"
530,"Siletz","Siletz"
531,"Sioux","Sioux"
532,"Blackfoot Sioux","Blackfoot Sioux"
533,"Brule Sioux","Brule Sioux"
534,"Cheyenne River Sioux","Cheyenne River Sioux"
535,"Crow Creek Sioux","Crow Creek Sioux"
536,"Dakota Sioux","Dakota Sioux"
537,"Flandreau Santee","Flandreau Santee"
538,"Fort Peck","Fort Peck"
539,"Lake Traverse Sioux","Lake Traverse Sioux"
540,"Lower Brule Sioux","Lower Brule Sioux"
541,"Lower Sioux","Lower Sioux"
542,"Mdewakanton Sioux","Mdewakanton Sioux"
543,"Miniconjou","Miniconjou"
544,"Oglala Sioux","Oglala Sioux"
545,"Pine Ridge Sioux","Pine Ridge Sioux"
546,"Pipestone Sioux","Pipestone Sioux"
547,"Prairie Island Sioux","Prairie Island Sioux"
548,"Prior Lake Sioux","Prior Lake Sioux"
549,"Rosebud Sioux","Rosebud Sioux"
550,"Sans Arc Sioux","Sans Arc Sioux"
551,"Santee Sioux","Santee Sioux"
552,"Sisseton-Wahpeton","Sisseton-Wahpeton"
553,"Sisseton Sioux","Sisseton Sioux"
554,"Spirit Lake Sioux","Spirit Lake Sioux"
555,"Standing Rock Sioux","Standing Rock Sioux"
556,"Teton Sioux","Teton Sioux"
557,"Two Kettle Sioux","Two Kettle Sioux"
558,"Upper Sioux","Upper Sioux"
559,"Wahpekute Sioux","Wahpekute Sioux"
560,"Wahpeton Sioux","Wahpeton Sioux"
561,"Wazhaza Sioux","Wazhaza Sioux"
562,"Yankton Sioux","Yankton Sioux"
563,"Yanktonai Sioux","Yanktonai Sioux"
564,"Siuslaw","Siuslaw"
565,"Spokane","Spokane"
566,"Stewart","Stewart"
567,"Stockbridge","Stockbridge"
568,"Susanville","Susanville"
569,"Tohono O'Odham","Tohono O'Odham"
570,"Ak-Chin","Ak-Chin"
571,"Gila Bend","Gila Bend"
572,"San Xavier","San Xavier"
573,"Sells","Sells"
574,"Tolowa","Tolowa"
575,"Tonkawa","Tonkawa"
576,"Tygh","Tygh"
577,"Umatilla","Umatilla"
578,"Umpqua","Umpqua"
579,"Cow Creek Umpqua","Cow Creek Umpqua"
580,"Ute","Ute"
581,"Allen Canyon","Allen Canyon"
582,"Uintah Ute","Uintah Ute"
583,"Ute Mountain Ute","Ute Mountain Ute"
584,"Wailaki","Wailaki"
585,"Walla-Walla","Walla-Walla"
586,"Wampanoag","Wampanoag"
587,"Gay Head Wampanoag","Gay Head Wampanoag"
588,"Mashpee Wampanoag","Mashpee Wampanoag"
589,"Warm Springs","Warm Springs"
590,"Wascopum","Wascopum"
591,"Washoe","Washoe"
592,"Alpine","Alpine"
593,"Carson","Carson"
594,"Dresslerville","Dresslerville"
595,"Wichita","Wichita"
596,"Wind River","Wind River"
597,"Winnebago","Winnebago"
598,"Ho-chunk","Ho-chunk"
599,"Nebraska Winnebago","Nebraska Winnebago"
600,"Winnemucca","Winnemucca"
601,"Wintun","Wintun"
602,"Wiyot","Wiyot"
603,"Table Bluff","Table Bluff"
604,"Yakama","Yakama"
605,"Yakama Cowlitz","Yakama Cowlitz"
606,"Yaqui","Yaqui"
607,"Barrio Libre","Barrio Libre"
608,"Pascua Yaqui","Pascua Yaqui"
609,"Yavapai Apache","Yavapai Apache"
610,"Yokuts","Yokuts"
611,"Chukchansi","Chukchansi"
612,"Tachi","Tachi"
613,"Tule River","Tule River"
614,"Yuchi","Yuchi"
615,"Yuman","Yuman"
616,"Cocopah","Cocopah"
617,"Havasupai","Havasupai"
618,"Hualapai","Hualapai"
619,"Maricopa","Maricopa"
620,"Mohave","Mohave"
621,"Quechan","Quechan"
622,"Yavapai","Yavapai"
623,"Yurok","Yurok"
624,"Coast Yurok","Coast Yurok"
625,"Alaska Native","Alaska Native"
626,"Alaska Indian","Alaska Indian"
627,"Alaskan Athabascan","Alaskan Athabascan"
628,"Ahtna","Ahtna"
629,"Southeast Alaska","Southeast Alaska"
630,"Tlingit-Haida","Tlingit-Haida"
631,"Angoon","Angoon"
632,"Central Council of Tlingit and Haida Tribes","Central Council of Tlingit and Haida Tribes"
633,"Chilkat","Chilkat"
634,"Chilkoot","Chilkoot"
635,"Craig","Craig"
636,"Douglas","Douglas"
637,"Haida","Haida"
638,"Hoonah","Hoonah"
639,"Hydaburg","Hydaburg"
640,"Kake","Kake"
641,"Kasaan","Kasaan"
642,"Kenaitze","Kenaitze"
643,"Ketchikan","Ketchikan"
644,"Klawock","Klawock"
645,"Pelican","Pelican"
646,"Petersburg","Petersburg"
647,"Saxman","Saxman"
648,"Sitka","Sitka"
649,"Tenakee Springs","Tenakee Springs"
650,"Tlingit","Tlingit"
651,"Wrangell","Wrangell"
652,"Yakutat","Yakutat"
653,"Tsimshian","Tsimshian"
654,"Metlakatla","Metlakatla"
655,"Eskimo","Eskimo"
656,"Greenland Eskimo","Greenland Eskimo"
657,"Inupiat Eskimo","Inupiat Eskimo"
658,"Ambler","Ambler"
659,"Anaktuvuk","Anaktuvuk"
660,"Anaktuvuk Pass","Anaktuvuk Pass"
661,"Arctic Slope Inupiat","Arctic Slope Inupiat"
662,"Arctic Slope Corporation","Arctic Slope Corporation"
663,"Atqasuk","Atqasuk"
664,"Barrow","Barrow"
665,"Bering Straits Inupiat","Bering Straits Inupiat"
666,"Brevig Mission","Brevig Mission"
667,"Buckland","Buckland"
668,"Chinik","Chinik"
669,"Council","Council"
670,"Deering","Deering"
671,"Elim","Elim"
672,"Golovin","Golovin"
673,"Inalik Diomede","Inalik Diomede"
674,"Inupiaq","Inupiaq"
675,"Kaktovik","Kaktovik"
676,"Kawerak","Kawerak"
677,"Kiana","Kiana"
678,"Kivalina","Kivalina"
679,"Kobuk","Kobuk"
680,"Kotzebue","Kotzebue"
681,"Koyuk","Koyuk"
682,"Kwiguk","Kwiguk"
683,"Mauneluk Inupiat","Mauneluk Inupiat"
684,"Nana Inupiat","Nana Inupiat"
685,"Noatak","Noatak"
686,"Nome","Nome"
687,"Noorvik","Noorvik"
688,"Nuiqsut","Nuiqsut"
689,"Point Hope","Point Hope"
690,"Point Lay","Point Lay"
691,"Selawik","Selawik"
692,"Shaktoolik","Shaktoolik"
693,"Shishmaref","Shishmaref"
694,"Shungnak","Shungnak"
695,"Solomon","Solomon"
696,"Teller","Teller"
697,"Unalakleet","Unalakleet"
698,"Wainwright","Wainwright"
699,"Wales","Wales"
700,"White Mountain","White Mountain"
701,"White Mountain Inupiat","White Mountain Inupiat"
702,"Mary's Igloo","Mary's Igloo"
703,"Siberian Eskimo","Siberian Eskimo"
704,"Gambell","Gambell"
705,"Savoonga","Savoonga"
706,"Siberian Yupik","Siberian Yupik"
707,"Yupik Eskimo","Yupik Eskimo"
708,"Akiachak","Akiachak"
709,"Akiak","Akiak"
710,"Alakanuk","Alakanuk"
711,"Aleknagik","Aleknagik"
712,"Andreafsky","Andreafsky"
713,"Aniak","Aniak"
714,"Atmautluak","Atmautluak"
715,"Bethel","Bethel"
716,"Bill Moore's Slough","Bill Moore's Slough"
717,"Bristol Bay Yupik","Bristol Bay Yupik"
718,"Calista Yupik","Calista Yupik"
719,"Chefornak","Chefornak"
720,"Chevak","Chevak"
721,"Chuathbaluk","Chuathbaluk"
722,"Clark's Point","Clark's Point"
723,"Crooked Creek","Crooked Creek"
724,"Dillingham","Dillingham"
725,"Eek","Eek"
726,"Ekuk","Ekuk"
727,"Ekwok","Ekwok"
728,"Emmonak","Emmonak"
729,"Goodnews Bay","Goodnews Bay"
730,"Hooper Bay","Hooper Bay"
731,"Iqurmuit (Russian Mission)","Iqurmuit (Russian Mission)"
732,"Kalskag","Kalskag"
733,"Kasigluk","Kasigluk"
734,"Kipnuk","Kipnuk"
735,"Koliganek","Koliganek"
736,"Kongiganak","Kongiganak"
737,"Kotlik","Kotlik"
738,"Kwethluk","Kwethluk"
739,"Kwigillingok","Kwigillingok"
740,"Levelock","Levelock"
741,"Lower Kalskag","Lower Kalskag"
742,"Manokotak","Manokotak"
743,"Marshall","Marshall"
744,"Mekoryuk","Mekoryuk"
745,"Mountain Village","Mountain Village"
746,"Naknek","Naknek"
747,"Napaumute","Napaumute"
748,"Napakiak","Napakiak"
749,"Napaskiak","Napaskiak"
750,"Newhalen","Newhalen"
751,"New Stuyahok","New Stuyahok"
752,"Newtok","Newtok"
753,"Nightmute","Nightmute"
754,"Nunapitchukv","Nunapitchukv"
755,"Oscarville","Oscarville"
756,"Pilot Station","Pilot Station"
757,"Pitkas Point","Pitkas Point"
758,"Platinum","Platinum"
759,"Portage Creek","Portage Creek"
760,"Quinhagak","Quinhagak"
761,"Red Devil","Red Devil"
762,"St. Michael","St. Michael"
763,"Scammon Bay","Scammon Bay"
764,"Sheldon's Point","Sheldon's Point"
765,"Sleetmute","Sleetmute"
766,"Stebbins","Stebbins"
767,"Togiak","Togiak"
768,"Toksook","Toksook"
769,"Tulukskak","Tulukskak"
770,"Tuntutuliak","Tuntutuliak"
771,"Tununak","Tununak"
772,"Twin Hills","Twin Hills"
773,"Georgetown","Georgetown"
774,"St. Mary's","St. Mary's"
775,"Umkumiate","Umkumiate"
776,"Aleut","Aleut"
777,"Alutiiq Aleut","Alutiiq Aleut"
778,"Tatitlek","Tatitlek"
779,"Ugashik","Ugashik"
780,"Bristol Bay Aleut","Bristol Bay Aleut"
781,"Chignik","Chignik"
782,"Chignik Lake","Chignik Lake"
783,"Egegik","Egegik"
784,"Igiugig","Igiugig"
785,"Ivanof Bay","Ivanof Bay"
786,"King Salmon","King Salmon"
787,"Kokhanok","Kokhanok"
788,"Perryville","Perryville"
789,"Pilot Point","Pilot Point"
790,"Port Heiden","Port Heiden"
791,"Chugach Aleut","Chugach Aleut"
792,"Chenega","Chenega"
793,"Chugach Corporation","Chugach Corporation"
794,"English Bay","English Bay"
795,"Port Graham","Port Graham"
796,"Eyak","Eyak"
797,"Koniag Aleut","Koniag Aleut"
798,"Akhiok","Akhiok"
799,"Agdaagux","Agdaagux"
800,"Karluk","Karluk"
801,"Kodiak","Kodiak"
802,"Larsen Bay","Larsen Bay"
803,"Old Harbor","Old Harbor"
804,"Ouzinkie","Ouzinkie"
805,"Port Lions","Port Lions"
806,"Sugpiaq","Sugpiaq"
807,"Suqpigaq","Suqpigaq"
808,"Unangan Aleut","Unangan Aleut"
809,"Akutan","Akutan"
810,"Aleut Corporation","Aleut Corporation"
811,"Aleutian","Aleutian"
812,"Aleutian Islander","Aleutian Islander"
813,"Atka","Atka"
814,"Belkofski","Belkofski"
815,"Chignik Lagoon","Chignik Lagoon"
816,"King Cove","King Cove"
817,"False Pass","False Pass"
818,"Nelson Lagoon","Nelson Lagoon"
819,"Nikolski","Nikolski"
820,"Pauloff Harbor","Pauloff Harbor"
821,"Qagan Toyagungin","Qagan Toyagungin"
822,"Qawalangin","Qawalangin"
823,"St. George","St. George"
824,"St. Paul","St. Paul"
825,"Sand Point","Sand Point"
826,"South Naknek","South Naknek"
827,"Unalaska","Unalaska"
828,"Unga","Unga"
829,"Asian","Asian"
830,"Asian Indian","Asian Indian"
831,"Bangladeshi","Bangladeshi"
832,"Bhutanese","Bhutanese"
833,"Burmese","Burmese"
834,"Cambodian","Cambodian"
835,"Chinese","Chinese"
836,"Taiwanese","Taiwanese"
837,"Filipino","Filipino"
838,"Hmong","Hmong"
839,"Indonesian","Indonesian"
840,"Japanese","Japanese"
841,"Korean","Korean"
842,"Laotian","Laotian"
843,"Malaysian","Malaysian"
844,"Okinawan","Okinawan"
845,"Pakistani","Pakistani"
846,"Sri Lankan","Sri Lankan"
847,"Thai","Thai"
848,"Vietnamese","Vietnamese"
849,"Iwo Jiman","Iwo Jiman"
850,"Maldivian","Maldivian"
851,"Nepalese","Nepalese"
852,"Singaporean","Singaporean"
853,"Madagascar","Madagascar"
854,"Black or African American","Black or African American"
855,"Black","Black"
856,"African American","African American"
857,"African","African"
858,"Botswanan","Botswanan"
859,"Ethiopian","Ethiopian"
860,"Liberian","Liberian"
861,"Namibian","Namibian"
862,"Nigerian","Nigerian"
863,"Zairean","Zairean"
864,"Bahamian","Bahamian"
865,"Barbadian","Barbadian"
866,"Dominican","Dominican"
867,"Dominica Islander","Dominica Islander"
868,"Haitian","Haitian"
869,"Jamaican","Jamaican"
870,"Tobagoan","Tobagoan"
871,"Trinidadian","Trinidadian"
872,"West Indian","West Indian"
873,"Native Hawaiian or Other Pacific Islander","Native Hawaiian or Other Pacific Islander"
874,"Polynesian","Polynesian"
875,"Native Hawaiian","Native Hawaiian"
876,"Samoan","Samoan"
877,"Tahitian","Tahitian"
878,"Tongan","Tongan"
879,"Tokelauan","Tokelauan"
880,"Micronesian","Micronesian"
881,"Guamanian or Chamorro","Guamanian or Chamorro"
882,"Guamanian","Guamanian"
883,"Chamorro","Chamorro"
884,"Mariana Islander","Mariana Islander"
885,"Marshallese","Marshallese"
886,"Palauan","Palauan"
887,"Carolinian","Carolinian"
888,"Kosraean","Kosraean"
889,"Pohnpeian","Pohnpeian"
890,"Saipanese","Saipanese"
891,"Kiribati","Kiribati"
892,"Chuukese","Chuukese"
893,"Yapese","Yapese"
894,"Melanesian","Melanesian"
895,"Fijian","Fijian"
896,"Papua New Guinean","Papua New Guinean"
897,"Solomon Islander","Solomon Islander"
898,"New Hebrides","New Hebrides"
899,"Other Pacific Islander","Note that this term remains in the table for completeness, even though within HL7, the notion of Other code is deprecated."
900,"White","White"
901,"European","European"
902,"Armenian","Armenian"
903,"English","English"
904,"French","French"
905,"German","German"
906,"Irish","Irish"
907,"Italian","Italian"
908,"Polish","Polish"
909,"Scottish","Scottish"
910,"Middle Eastern or North African","Middle Eastern or North African"
911,"Assyrian","Assyrian"
912,"Egyptian","Egyptian"
913,"Iranian","Iranian"
914,"Iraqi","Iraqi"
915,"Lebanese","Lebanese"
916,"Palestinian","Palestinian"
917,"Syrian","Syrian"
918,"Afghanistani","Afghanistani"
919,"Israeili","Israeili"
920,"Arab","Arab"
921,"Other Race","Note that this term remains in the table for completeness, even though within HL7, the notion of Other code is deprecated."
922,"Male",""
923,"Female",""
924,"Pregnancy confirmed",""
